<?xml version="1.0" encoding="UTF-8"?>
<!DOCTYPE html PUBLIC "-//W3C//DTD XHTML 1.0 Strict//EN"
  "http://www.w3.org/TR/xhtml1/DTD/xhtml1-strict.dtd">
<html xmlns="http://www.w3.org/1999/xhtml" lang="en" xml:lang="en">
<head>
<title>Access forbidden!</title>
<link rev="made" href="mailto:postmaster@localhost" />
<style type="text/css"><!--/*--><![CDATA[/*><!--*/ 
    body { color: #000000; background-color: #FFFFFF; }
    a:link { color: #0000CC; }
    p, address {margin-left: 3em;}
    span {font-size: smaller;}
/*]]>*/--></style>
</head>

<body>
<h1>Access forbidden!</h1>
<p>


  

    You don't have permission to access the requested object.
    It is either read-protected or not readable by the server.

  

</p>
<p>
If you think this is a server error, please contact
the <a href="mailto:postmaster@localhost">webmaster</a>.

</p>

<h2>Error 403</h2>
<address>
  <a href="/">localhost</a><br />
  <span>Apache/2.4.9 (Win32) OpenSSL/0.9.8y PHP/5.4.27</span>
</address>
</body>
</html>

